id,permalink,direction,Score
iy4tv6m,https://www.reddit.com/r/GenP/comments/z71esi/cannot_skip_the_credit_card_page/iy4tv6m/,up,2.0
hn89gxw,https://www.reddit.com/r/flashcarts/comments/r84lhi/old_dstt_stuck_on_loading/hn89gxw/,up,1.0
i9obwie,https://www.reddit.com/r/ProgrammerHumor/comments/uvytga/i_am_an_engineer/i9obwie/,up,1188.0
j7kc1vl,https://www.reddit.com/r/startrek/comments/10w0khe/what_is_your_favourite_running_incanon_joke_in/j7kc1vl/,up,198.0
j7k0fm0,https://www.reddit.com/r/startrek/comments/10vinn7/which_star_trek_death_hit_you_the_hardest/j7k0fm0/,up,4.0
j7k75zd,https://www.reddit.com/r/startrek/comments/10vxs5t/best_riker_and_data_moment/j7k75zd/,up,16.0
i3ppwqz,https://www.reddit.com/r/ProgrammerHumor/comments/txu1i1/alternatives_to_initial_commit_go_wild/i3ppwqz/,up,330.0
hppqivn,https://www.reddit.com/r/ElectroBOOM/comments/rn2653/help_with_this_not_gate/hppqivn/,up,6.0
gqp3qhl,https://www.reddit.com/r/consolerepair/comments/m3fvca/ds_lite_green_light_turns_on_then_off/gqp3qhl/,up,1.0
j7kblz8,https://www.reddit.com/r/startrek/comments/10w0khe/what_is_your_favourite_running_incanon_joke_in/j7kblz8/,up,125.0
j7k0lcu,https://www.reddit.com/r/startrek/comments/10vinn7/which_star_trek_death_hit_you_the_hardest/j7k0lcu/,up,1.0
fz6y9zz,https://www.reddit.com/r/veYakinEvren/comments/hx9k49/ömercandan_müthiş_bir_yatay_bakış_parodisi/fz6y9zz/,up,5.0
iy4push,https://www.reddit.com/r/GenP/comments/z71esi/cannot_skip_the_credit_card_page/iy4push/,up,2.0
gqp3r4z,https://www.reddit.com/r/NintendoDSi/comments/m3jkjt/ds_lite_green_light_turns_on_then_off/gqp3r4z/,up,2.0
i3px63t,https://www.reddit.com/r/ProgrammerHumor/comments/txu1i1/alternatives_to_initial_commit_go_wild/i3px63t/,up,91.0
ibgmn8t,https://www.reddit.com/r/flashcarts/comments/v5baeg/what_do_i_need_to_do_use_this_card/ibgmn8t/,up,1.0
hn8deeq,https://www.reddit.com/r/flashcarts/comments/r84lhi/old_dstt_stuck_on_loading/hn8deeq/,up,1.0
j7lf5f7,https://www.reddit.com/r/seinfeld/comments/10vqao7/whos_the_most_moral_of_the_main_four_or_the_least/j7lf5f7/,up,5.0
iqndyk4,https://www.reddit.com/r/DMAcademy/comments/xt0sdw/im_bad_dming_large_scale_events/iqndyk4/,up,12.0
j7k47y0,https://www.reddit.com/r/startrek/comments/10vxs5t/best_riker_and_data_moment/j7k47y0/,up,38.0
iy4z77e,https://www.reddit.com/r/GenP/comments/z71esi/cannot_skip_the_credit_card_page/iy4z77e/,up,2.0
hnatnaz,https://www.reddit.com/r/veYakinEvren/comments/r8y7wp/herkes_kullandığı_bir_cs_lafını_yazsın_ben/hnatnaz/,up,26.0
i799ge4,https://www.reddit.com/r/ProgrammerHumor/comments/uhvjvx/what_cool_things_can_i_do_if_i_learn_js/i799ge4/,up,1.0
j1yjjul,https://www.reddit.com/r/consolerepair/comments/zx3wgi/changing_ds_lite_em10_filter/j1yjjul/,up,2.0
j7leszi,https://www.reddit.com/r/seinfeld/comments/10vqao7/whos_the_most_moral_of_the_main_four_or_the_least/j7leszi/,up,15.0
iosst35,https://www.reddit.com/r/mathmemes/comments/xgm9i9/why_i_square_is_equal_to_1_but_not_1/iosst35/,up,23.0
isamb3q,https://www.reddit.com/r/gaming/comments/y3vlyg/in_your_opinion_who_is_the_most_attractive_video/isamb3q/,up,2.0
j7letza,https://www.reddit.com/r/startrek/comments/10vxs5t/best_riker_and_data_moment/j7letza/,up,4.0
hz17rd8,https://www.reddit.com/r/veYakinEvren/comments/t47fq3/podcastia_bozdu_ağbiiiii/hz17rd8/,up,2.0
iu0fr67,https://www.reddit.com/r/seinfeld/comments/yeiw0d/any_predictions_for_george_and_susans_wedding/iu0fr67/,up,1.0
gqqnq6o,https://www.reddit.com/r/consolerepair/comments/m3fvca/ds_lite_green_light_turns_on_then_off/gqqnq6o/,up,2.0
gk60eaa,https://www.reddit.com/r/veYakinEvren/comments/l2jlw8/fate_condensed/gk60eaa/,up,2.0
j7jy34j,https://www.reddit.com/r/startrek/comments/10vxs5t/best_riker_and_data_moment/j7jy34j/,up,17.0
gqp9qvp,https://www.reddit.com/r/NintendoDSi/comments/m3jkjt/ds_lite_green_light_turns_on_then_off/gqp9qvp/,up,1.0
g2hth06,https://www.reddit.com/r/veYakinEvren/comments/iejm6v/some_podcastia_problems/g2hth06/,up,10.0
j1psxnb,https://www.reddit.com/r/TheLastAirbender/comments/zvl363/this_is_gran_gran_right/j1psxnb/,up,277.0
g2htihw,https://www.reddit.com/r/veYakinEvren/comments/iejm6v/some_podcastia_problems/g2htihw/,up,11.0
gk5znto,https://www.reddit.com/r/veYakinEvren/comments/l2jlw8/fate_condensed/gk5znto/,up,3.0
gqp8o65,https://www.reddit.com/r/NintendoDSi/comments/m3jkjt/ds_lite_green_light_turns_on_then_off/gqp8o65/,up,1.0
hjmds9x,https://www.reddit.com/r/montypython/comments/qodw8f/its_christmas_in_heaven/hjmds9x/,up,2.0
j7k4dia,https://www.reddit.com/r/startrek/comments/10vxs5t/best_riker_and_data_moment/j7k4dia/,up,4.0
j7hqpbv,https://www.reddit.com/r/startrek/comments/10vinn7/which_star_trek_death_hit_you_the_hardest/j7hqpbv/,up,382.0
h5urnfo,https://www.reddit.com/r/veYakinEvren/comments/okbg5d/herhangi_başka_bir_seri_bekleyen_snd_bekleyen/h5urnfo/,up,2.0
gqrj6g5,https://www.reddit.com/r/consolerepair/comments/m3fvca/ds_lite_green_light_turns_on_then_off/gqrj6g5/,up,1.0
iczv8mk,https://www.reddit.com/r/veYakinEvren/comments/vg30o6/artık_aklıma_geleni_editliyorum_dostlar/iczv8mk/,up,5.0
gr513l9,https://www.reddit.com/r/veYakinEvren/comments/m6bnd9/666/gr513l9/,up,29.0
it193so,https://www.reddit.com/r/seinfeld/comments/y8ou08/whats_your_favorite_fictional_title_from_seinfeld/it193so/,up,13.0
gk74by2,https://www.reddit.com/r/veYakinEvren/comments/l2jlw8/fate_condensed/gk74by2/,up,1.0
j7kjkak,https://www.reddit.com/r/startrek/comments/10w0khe/what_is_your_favourite_running_incanon_joke_in/j7kjkak/,up,147.0
j1ym54u,https://www.reddit.com/r/consolerepair/comments/zx3wgi/changing_ds_lite_em10_filter/j1ym54u/,up,2.0
j7kkvi9,https://www.reddit.com/r/startrek/comments/10vxs5t/best_riker_and_data_moment/j7kkvi9/,up,5.0
j7kmooy,https://www.reddit.com/r/startrek/comments/10vxs5t/best_riker_and_data_moment/j7kmooy/,up,8.0
j7l51s1,https://www.reddit.com/r/startrek/comments/10vxs5t/best_riker_and_data_moment/j7l51s1/,up,8.0
iy4t7k8,https://www.reddit.com/r/GenP/comments/z71esi/cannot_skip_the_credit_card_page/iy4t7k8/,up,1.0
gqp7rm3,https://www.reddit.com/r/NintendoDSi/comments/m3jkjt/ds_lite_green_light_turns_on_then_off/gqp7rm3/,up,1.0
gk72g7i,https://www.reddit.com/r/veYakinEvren/comments/l2jlw8/fate_condensed/gk72g7i/,up,2.0
hppqopb,https://www.reddit.com/r/ElectroBOOM/comments/rn2653/help_with_this_not_gate/hppqopb/,up,1.0
fz6pu34,https://www.reddit.com/r/veYakinEvren/comments/hx9k49/ömercandan_müthiş_bir_yatay_bakış_parodisi/fz6pu34/,up,6.0
j7kdh43,https://www.reddit.com/r/startrek/comments/10vxs5t/best_riker_and_data_moment/j7kdh43/,up,13.0
j7k48m3,https://www.reddit.com/r/startrek/comments/10vxs5t/best_riker_and_data_moment/j7k48m3/,up,12.0
iblio4g,https://www.reddit.com/r/consolerepair/comments/v7jv2a/ds_lite_speakers_not_working/iblio4g/,up,1.0
h5urpnt,https://www.reddit.com/r/veYakinEvren/comments/okbg5d/herhangi_başka_bir_seri_bekleyen_snd_bekleyen/h5urpnt/,up,2.0
j7jy563,https://www.reddit.com/r/startrek/comments/10vxs5t/best_riker_and_data_moment/j7jy563/,up,9.0
iy4vgrw,https://www.reddit.com/r/GenP/comments/z71esi/cannot_skip_the_credit_card_page/iy4vgrw/,up,1.0
gk78nu5,https://www.reddit.com/r/veYakinEvren/comments/l2jlw8/fate_condensed/gk78nu5/,up,2.0
gk74q0f,https://www.reddit.com/r/veYakinEvren/comments/l2jlw8/fate_condensed/gk74q0f/,up,1.0
gk609m8,https://www.reddit.com/r/veYakinEvren/comments/l2jlw8/fate_condensed/gk609m8/,up,3.0
itz3ylv,https://www.reddit.com/r/seinfeld/comments/yeiw0d/any_predictions_for_george_and_susans_wedding/itz3ylv/,up,149.0
ibfs2la,https://www.reddit.com/r/flashcarts/comments/v5baeg/what_do_i_need_to_do_use_this_card/ibfs2la/,up,1.0
i3q2jzq,https://www.reddit.com/r/ProgrammerHumor/comments/txu1i1/alternatives_to_initial_commit_go_wild/i3q2jzq/,up,3.0
j7lecvr,https://www.reddit.com/r/startrek/comments/10vxs5t/best_riker_and_data_moment/j7lecvr/,up,5.0
iwoy56h,https://www.reddit.com/r/seinfeld/comments/yxiwv2/and_this_offends_you_as_a_jewish_person/iwoy56h/,up,87.0
j7jxnof,https://www.reddit.com/r/startrek/comments/10vxs5t/best_riker_and_data_moment/j7jxnof/,up,12.0
hnkva2k,https://www.reddit.com/r/flashcarts/comments/r84lhi/old_dstt_stuck_on_loading/hnkva2k/,up,1.0
i6n7ir4,https://www.reddit.com/r/ProgrammerHumor/comments/uehnsz/i_wrote_in_a_forum_thread_that_i_was_going_to_try/i6n7ir4/,up,6.0
j7kdqrk,https://www.reddit.com/r/startrek/comments/10w0khe/what_is_your_favourite_running_incanon_joke_in/j7kdqrk/,up,967.0
g178erm,https://www.reddit.com/r/veYakinEvren/comments/i7czmb/hepimiz_sevdiğimiz_dizi_film_oyunlardan_karakter/g178erm/,up,2.0
j1ym5z9,https://www.reddit.com/r/consolerepair/comments/zx3wgi/changing_ds_lite_em10_filter/j1ym5z9/,up,3.0
j7le3m1,https://www.reddit.com/r/startrek/comments/10vxs5t/best_riker_and_data_moment/j7le3m1/,up,3.0
gr5ba2z,https://www.reddit.com/r/veYakinEvren/comments/m6bnd9/666/gr5ba2z/,up,29.0
gssm7rn,https://www.reddit.com/r/veYakinEvren/comments/mgb60k/deleted_by_user/gssm7rn/,up,9.0
hprwgyf,https://www.reddit.com/r/ElectroBOOM/comments/rn2653/help_with_this_not_gate/hprwgyf/,up,1.0
j7jxwpk,https://www.reddit.com/r/startrek/comments/10vxs5t/best_riker_and_data_moment/j7jxwpk/,up,10.0
isdwfdl,https://www.reddit.com/r/gaming/comments/y3vlyg/in_your_opinion_who_is_the_most_attractive_video/isdwfdl/,up,2.0
i3omwnv,https://www.reddit.com/r/ProgrammerHumor/comments/txu1i1/alternatives_to_initial_commit_go_wild/i3omwnv/,up,151.0
hnaugl6,https://www.reddit.com/r/veYakinEvren/comments/r8y7wp/herkes_kullandığı_bir_cs_lafını_yazsın_ben/hnaugl6/,up,9.0
j7jzt9a,https://www.reddit.com/r/startrek/comments/10vxs5t/best_riker_and_data_moment/j7jzt9a/,up,31.0
i80wlwf,https://www.reddit.com/r/ProgrammerHumor/comments/umbmlt/this_is_hurting_my_ego/i80wlwf/,up,17115.0
g2hv61c,https://www.reddit.com/r/veYakinEvren/comments/iejm6v/some_podcastia_problems/g2hv61c/,up,11.0
gqp904j,https://www.reddit.com/r/NintendoDSi/comments/m3jkjt/ds_lite_green_light_turns_on_then_off/gqp904j/,up,1.0
isalwh8,https://www.reddit.com/r/gaming/comments/y3vlyg/in_your_opinion_who_is_the_most_attractive_video/isalwh8/,up,10.0
j7jxoia,https://www.reddit.com/r/startrek/comments/10vxs5t/best_riker_and_data_moment/j7jxoia/,up,37.0
hnaupkg,https://www.reddit.com/r/veYakinEvren/comments/r8y7wp/herkes_kullandığı_bir_cs_lafını_yazsın_ben/hnaupkg/,up,29.0
ityebpv,https://www.reddit.com/r/seinfeld/comments/yeiw0d/any_predictions_for_george_and_susans_wedding/ityebpv/,up,210.0
g91h2wk,https://www.reddit.com/r/veYakinEvren/comments/jbxw0n/kaldırılan_seriler/g91h2wk/,up,2.0
ic67f27,https://www.reddit.com/r/startrekmemes/comments/vb1qha/once_you_have_their_money_you_never_give_it_back/ic67f27/,up,49.0
gk72vi4,https://www.reddit.com/r/veYakinEvren/comments/l2jlw8/fate_condensed/gk72vi4/,up,2.0
j7keol9,https://www.reddit.com/r/startrek/comments/10vxs5t/best_riker_and_data_moment/j7keol9/,up,3.0
g349ce6,https://www.reddit.com/r/veYakinEvren/comments/ii3tsc/sen_ne_diyon_reddit_snyder_cut_yorumları/g349ce6/,up,17.0
j7k0ven,https://www.reddit.com/r/startrek/comments/10vxs5t/best_riker_and_data_moment/j7k0ven/,up,14.0
jd9je32,https://www.reddit.com/r/montypython/comments/11yuzya/on_second_though_lets_not_go_to_camelot_tis_ai/jd9je32/,up,19.0
j7yb85s,https://www.reddit.com/r/gaming/comments/10xoh72/lost_game/j7yb85s/,up,1.0
jlsntht,https://www.reddit.com/r/yugioh/comments/13szndv/if_duel_academy_was_real_would_you_send_your/jlsntht/,up,38.0
jd48oia,https://www.reddit.com/r/PercyJacksonTV/comments/11xhjqv/lance_reddick_talks_playing_zeus_in_percy_jackson/jd48oia/,up,-1.0
jebsgw3,https://www.reddit.com/r/webdev/comments/11f1ypj/monthly_getting_started_web_dev_career_thread/jebsgw3/,up,1.0
j89nsid,https://www.reddit.com/r/veYakinEvren/comments/110h604/bildiğiniz_minyatür_satan_yer_var_mı/j89nsid/,up,2.0
jo78aae,https://www.reddit.com/r/veYakinEvren/comments/149tnqs/oyun_tavsiyesi/jo78aae/,up,1.0
jfaqspl,https://www.reddit.com/r/dndmemes/comments/12ec1pr/you_think_bards_are_a_weak_class_do_you/jfaqspl/,up,9.0
j7tln4h,https://www.reddit.com/r/mathmemes/comments/10xp5jk/relativity_in_math/j7tln4h/,up,3522.0
jeb5ul8,https://www.reddit.com/r/veYakinEvren/comments/126j46t/csgo_envanterıma_girdim_de_bu_kasa_fiyatları_ne/jeb5ul8/,up,1.0
jdd2vw0,https://www.reddit.com/r/SatisfactoryGame/comments/11zn1f0/no/jdd2vw0/,up,201.0
j7w036m,https://www.reddit.com/r/startrekmemes/comments/10y4z8s/guiles_theme_goes_with_worf_saying_guile/j7w036m/,up,1.0
j7neqlc,https://www.reddit.com/r/startrek/comments/10vxs5t/best_riker_and_data_moment/j7neqlc/,up,2.0
jo73kfc,https://www.reddit.com/r/veYakinEvren/comments/149tnqs/oyun_tavsiyesi/jo73kfc/,up,3.0
jf7zo6h,https://www.reddit.com/r/seinfeld/comments/12dtzjx/favorite_seinfeld_quotes_that_are_three_words_or/jf7zo6h/,up,653.0
jm1dflb,https://www.reddit.com/r/GreekMythology/comments/13ukdfr/what_does_poseidons_trident_actually_do/jm1dflb/,up,15.0
j7tgkpu,https://www.reddit.com/r/seinfeld/comments/10xdhl7/which_scene_is_burnt_into_your_memory/j7tgkpu/,up,1.0
jr1d25v,https://www.reddit.com/r/seinfeld/comments/14taql3/seinfeld_quotes_the_official_ranking/jr1d25v/,up,169.0
j7r456d,https://www.reddit.com/r/startrek/comments/10x881w/confused_about_picards_log_in_encounter_at/j7r456d/,up,5.0
je8seuu,https://www.reddit.com/r/unexpectedMontyPython/comments/125z7nq/finally_found_a_monty_python_reference_in_the_wild/je8seuu/,up,
j7rxxko,https://www.reddit.com/r/startrek/comments/10x881w/confused_about_picards_log_in_encounter_at/j7rxxko/,up,3.0
jadaxq3,https://www.reddit.com/r/gaming/comments/11ec3zg/which_game_will_make_you_say_this_for_me_its/jadaxq3/,up,1.0
jqm5w6t,https://www.reddit.com/r/TheLastAirbender/comments/14q3i9h/the_only_onscreen_moment_of_zuko_and_azula_being/jqm5w6t/,up,15.0
j7s35th,https://www.reddit.com/r/startrek/comments/10x881w/confused_about_picards_log_in_encounter_at/j7s35th/,up,3.0
jolofgg,https://www.reddit.com/r/SatisfactoryGame/comments/14cout6/how_can_i_get_rid_of_these/jolofgg/,up,431.0
jf7yslf,https://www.reddit.com/r/seinfeld/comments/12dtzjx/favorite_seinfeld_quotes_that_are_three_words_or/jf7yslf/,up,718.0
j7lhohw,https://www.reddit.com/r/seinfeld/comments/10vem2x/i_feel_this_sub_reddit_is_just_a_constant_excuse/j7lhohw/,up,1.0
j7thoau,https://www.reddit.com/r/gaming/comments/10xoh72/lost_game/j7thoau/,up,1.0
j9231hj,https://www.reddit.com/r/seinfeld/comments/10vqao7/whos_the_most_moral_of_the_main_four_or_the_least/j9231hj/,up,2.0
j7r2k3s,https://www.reddit.com/r/startrek/comments/10x881w/confused_about_picards_log_in_encounter_at/j7r2k3s/,up,1.0
j8a4ew2,https://www.reddit.com/r/SatisfactoryGame/comments/110oymf/losing_my_stuff_over_offline_mode/j8a4ew2/,up,6.0
jqmx4jy,https://www.reddit.com/r/TheLastAirbender/comments/14pgyzd/deleted_by_user/jqmx4jy/,up,1.0
j7lvgb5,https://www.reddit.com/r/startrek/comments/10vxs5t/best_riker_and_data_moment/j7lvgb5/,up,3.0
jffru4y,https://www.reddit.com/r/seinfeld/comments/12dtzjx/favorite_seinfeld_quotes_that_are_three_words_or/jffru4y/,up,1.0
jo741if,https://www.reddit.com/r/veYakinEvren/comments/149tnqs/oyun_tavsiyesi/jo741if/,up,1.0
j7ltzyu,https://www.reddit.com/r/startrek/comments/10vxs5t/best_riker_and_data_moment/j7ltzyu/,up,6.0
jm28axj,https://www.reddit.com/r/GreekMythology/comments/13ukdfr/what_does_poseidons_trident_actually_do/jm28axj/,up,8.0
jo77s62,https://www.reddit.com/r/veYakinEvren/comments/149tnqs/oyun_tavsiyesi/jo77s62/,up,2.0
j7ngnz0,https://www.reddit.com/r/startrek/comments/10vxs5t/best_riker_and_data_moment/j7ngnz0/,up,2.0
j7lga0q,https://www.reddit.com/r/startrekmemes/comments/10vn5zv/only_riker/j7lga0q/,up,1.0
j7r2ezp,https://www.reddit.com/r/startrek/comments/10x881w/confused_about_picards_log_in_encounter_at/j7r2ezp/,up,3.0
j80cwgw,https://www.reddit.com/r/startrek/comments/10x881w/confused_about_picards_log_in_encounter_at/j80cwgw/,up,1.0
jm1ebtu,https://www.reddit.com/r/GreekMythology/comments/13ukdfr/what_does_poseidons_trident_actually_do/jm1ebtu/,up,38.0
j7vvask,https://www.reddit.com/r/seinfeld/comments/10xhmtz/get_in_the_robot_jerry/j7vvask/,up,1.0
j7r634y,https://www.reddit.com/r/startrek/comments/10x881w/confused_about_picards_log_in_encounter_at/j7r634y/,up,1.0
j7r7g4o,https://www.reddit.com/r/startrek/comments/10x881w/confused_about_picards_log_in_encounter_at/j7r7g4o/,up,1.0
jeb5dgq,https://www.reddit.com/r/webdev/comments/11f1ypj/monthly_getting_started_web_dev_career_thread/jeb5dgq/,up,1.0
jcahfrm,https://www.reddit.com/r/gaming/comments/11rvyng/whats_the_coolest_sound_in_video_games_ill_go/jcahfrm/,down,3.0
j7qagrz,https://www.reddit.com/r/DeepSpaceNine/comments/10x4n7l/best_character/j7qagrz/,up,153.0
j7tmkj4,https://www.reddit.com/r/gaming/comments/10xoh72/lost_game/j7tmkj4/,up,1.0
jm1enaq,https://www.reddit.com/r/GreekMythology/comments/13ukdfr/what_does_poseidons_trident_actually_do/jm1enaq/,up,21.0
jlsv04z,https://www.reddit.com/r/GreekMythology/comments/13t1x4i/deleted_by_user/jlsv04z/,up,5.0
jqhysfr,https://www.reddit.com/r/TheLastAirbender/comments/14pgyzd/deleted_by_user/jqhysfr/,up,3.0
j7vi6wo,https://www.reddit.com/r/startrek/comments/10xs9dy/do_you_think_replicator_food_is_actually_worse_or/j7vi6wo/,up,3.0
jj0e7p7,https://www.reddit.com/r/veYakinEvren/comments/1390vs2/amca_amcaoğlu/jj0e7p7/,up,1.0
jf82y6b,https://www.reddit.com/r/seinfeld/comments/12dtzjx/favorite_seinfeld_quotes_that_are_three_words_or/jf82y6b/,up,442.0
jj0esul,https://www.reddit.com/r/veYakinEvren/comments/13912e2/cs_bu_videonun_orijinalini_arıyor/jj0esul/,up,3.0
j7r27hp,https://www.reddit.com/r/startrek/comments/10x881w/confused_about_picards_log_in_encounter_at/j7r27hp/,up,3.0
jlsnus4,https://www.reddit.com/r/yugioh/comments/13szndv/if_duel_academy_was_real_would_you_send_your/jlsnus4/,up,456.0
jodkn11,https://www.reddit.com/r/veYakinEvren/comments/14b3826/rust_yaz_indirimi_ile_kaça_düşer/jodkn11/,up,3.0
jarbm3b,https://www.reddit.com/r/TheLastAirbender/comments/11gz9ay/so_if_the_painted_lady_was_real_why_was_it_up_to/jarbm3b/,up,3.0
jedh9y0,https://www.reddit.com/r/webdev/comments/11f1ypj/monthly_getting_started_web_dev_career_thread/jedh9y0/,up,1.0
j7rnxqz,https://www.reddit.com/r/startrek/comments/10x881w/confused_about_picards_log_in_encounter_at/j7rnxqz/,up,2.0
j7rj0rh,https://www.reddit.com/r/SatisfactoryGame/comments/10wnupv/my_gf_moved_in_with_me_a_few_weeks_ago_i_dont_see/j7rj0rh/,up,7.0
jaic4c0,https://www.reddit.com/r/seinfeld/comments/11f93oc/my_new_plates_came_in/jaic4c0/,up,7.0
j7vt6zq,https://www.reddit.com/r/startrek/comments/10xs9dy/do_you_think_replicator_food_is_actually_worse_or/j7vt6zq/,up,1.0
jffrzqf,https://www.reddit.com/r/ProgrammerHumor/comments/12erxyo/uber_of_amazons_or_amazon_of_uber_i_do_not_know/jffrzqf/,up,2.0
j80dw2z,https://www.reddit.com/r/startrek/comments/10x881w/confused_about_picards_log_in_encounter_at/j80dw2z/,up,2.0
jo77dm4,https://www.reddit.com/r/veYakinEvren/comments/149tnqs/oyun_tavsiyesi/jo77dm4/,up,1.0
jqhyltm,https://www.reddit.com/r/veYakinEvren/comments/14pheg2/deleted_by_user/jqhyltm/,up,9.0
j7vsek3,https://www.reddit.com/r/startrek/comments/10xs9dy/do_you_think_replicator_food_is_actually_worse_or/j7vsek3/,up,1.0
jentz1w,https://www.reddit.com/r/mathmemes/comments/129mctm/screw_zodiac_how_do_you_write_your_radical_signs/jentz1w/,up,1078.0
jm1kdkq,https://www.reddit.com/r/GreekMythology/comments/13ukdfr/what_does_poseidons_trident_actually_do/jm1kdkq/,up,17.0
jm7g88s,https://www.reddit.com/r/mathmemes/comments/13vofcz/trueee/jm7g88s/,up,10.0
jodkcsd,https://www.reddit.com/r/SatisfactoryGame/comments/14b2yw5/the_factory_must_grow/jodkcsd/,up,172.0
jdwya4j,https://www.reddit.com/r/startrekmemes/comments/123qngp/inspired_by_recent_comments/jdwya4j/,up,9.0
johkmvb,https://www.reddit.com/r/SatisfactoryGame/comments/14bm0w7/noice/johkmvb/,up,3.0
jfaef9l,https://www.reddit.com/r/dndmemes/comments/12ec1pr/you_think_bards_are_a_weak_class_do_you/jfaef9l/,up,13.0
jaigo96,https://www.reddit.com/r/seinfeld/comments/11f93oc/my_new_plates_came_in/jaigo96/,up,3.0
j7vz00e,https://www.reddit.com/r/seinfeld/comments/10xmrc3/favourite_line_delivery/j7vz00e/,up,1.0
j7n9hox,https://www.reddit.com/r/startrek/comments/10vxs5t/best_riker_and_data_moment/j7n9hox/,up,3.0
j7vlql0,https://www.reddit.com/r/startrek/comments/10vxs5t/best_riker_and_data_moment/j7vlql0/,up,2.0
j7q3q3d,https://www.reddit.com/r/startrekmemes/comments/10x3g0g/how_to_recognize_different_types_of_holodeck/j7q3q3d/,up,30.0
jf6s59v,https://www.reddit.com/r/TheLastAirbender/comments/12dlgln/aangs_family/jf6s59v/,up,10.0
j82yvgq,https://www.reddit.com/r/ProgrammerHumor/comments/10zakr7/i_do_think_c_is_the_best_programming_language_tho/j82yvgq/,up,745.0
jhenh7m,https://www.reddit.com/r/dndmemes/comments/12wfvou/lets_make_a_character_the_most_upvoted_comment_is/jhenh7m/,up,328.0
jo77h0j,https://www.reddit.com/r/veYakinEvren/comments/149tnqs/oyun_tavsiyesi/jo77h0j/,up,2.0
jmz8lpi,https://www.reddit.com/r/veYakinEvren/comments/141c4vb/geçmişten_hediyeler/jmz8lpi/,up,4.0
jkwxnf5,https://www.reddit.com/r/risa/comments/13my1xc/do_you_agree/jkwxnf5/,up,15.0
jcabsl7,https://www.reddit.com/r/yugioh/comments/11roh0n/dark_magician_maid_oc_source_is_my_brain/jcabsl7/,up,0.0
j7lvy7g,https://www.reddit.com/r/startrek/comments/10vxs5t/best_riker_and_data_moment/j7lvy7g/,up,8.0
jft1nhx,https://www.reddit.com/r/veYakinEvren/comments/12idziy/sungur_ve_pandanın_kullandığı_ısı_yalıtımlı/jft1nhx/,up,7.0
j7ls167,https://www.reddit.com/r/startrek/comments/10vxs5t/best_riker_and_data_moment/j7ls167/,up,5.0
jm1mn00,https://www.reddit.com/r/AskScienceFiction/comments/13unxwj/the_matrix_if_neo_got_it_on_with_the_lady_in_the/jm1mn00/,up,3.0
jofmgxf,https://www.reddit.com/r/movies/comments/14b6q0o/what_are_your_favorite_movie_titles/jofmgxf/,up,1.0
j7r6bcl,https://www.reddit.com/r/startrek/comments/10x881w/confused_about_picards_log_in_encounter_at/j7r6bcl/,up,2.0
jqhzz30,https://www.reddit.com/r/TheLastAirbender/comments/14pgyzd/deleted_by_user/jqhzz30/,up,4.0
jn3d5a2,https://www.reddit.com/r/TheLastAirbender/comments/1427jpa/whats_the_subreddit_for_tophs_feet_called_i_need/jn3d5a2/,up,6.0
j7vlt6k,https://www.reddit.com/r/startrek/comments/10xs9dy/do_you_think_replicator_food_is_actually_worse_or/j7vlt6k/,up,2.0
jo788al,https://www.reddit.com/r/veYakinEvren/comments/149tnqs/oyun_tavsiyesi/jo788al/,up,1.0
jrxgqyo,https://www.reddit.com/r/startrekmemes/comments/14z9nuk/what_can_i_say_catsuits_arent_everything/jrxgqyo/,up,14.0
jwb635s,https://www.reddit.com/r/seinfeld/comments/15rxrvd/whats_a_kramer_line_you_use_regularly/jwb635s/,up,114.0
jxe632d,https://www.reddit.com/r/veYakinEvren/comments/15yjg21/kabızlığa_iyi_gelen_yağlı_zopadan_bahsedilen_o_ne/jxe632d/,up,3.0
jrybt6u,https://www.reddit.com/r/seinfeld/comments/14zkc10/she_took_them_out/jrybt6u/,up,21.0
jw7utc9,https://www.reddit.com/r/tumblr/comments/15r8tu9/infallible/jw7utc9/,up,420.0
jr1sd8q,https://www.reddit.com/r/veYakinEvren/comments/14tcw0q/arkadaşlar_bir_sorum_var_mesela_steamde_cs_go/jr1sd8q/,up,2.0
k20ceaf,https://www.reddit.com/r/camphalfblood/comments/16qzxzl/all_the_world/k20ceaf/,up,57.0
jr1t3m4,https://www.reddit.com/r/yugioh/comments/14tcbuy/watching_5ds_for_the_first_time/jr1t3m4/,up,1.0
k0elm31,https://www.reddit.com/r/montypython/comments/16hnd3s/king_of_the_britons/k0elm31/,up,2.0
k20vfv3,https://www.reddit.com/r/camphalfblood/comments/16qzxzl/all_the_world/k20vfv3/,up,30.0
k3prfdf,https://www.reddit.com/r/consolerepair/comments/170u925/anyone_else_repair_consoles_as_a_hobby/k3prfdf/,up,1.0
jsgeftg,https://www.reddit.com/r/veYakinEvren/comments/1524m80/sayın_evren_yolcuları_geçen_askreddit_serisini/jsgeftg/,up,5.0
juuuqs7,https://www.reddit.com/r/seinfeld/comments/15ii249/the_real_bizarro_world/juuuqs7/,none,17.0
k09wmce,https://www.reddit.com/r/camphalfblood/comments/16g6jlk/older_fans_what_are_some_things_that_clicked_on_a/k09wmce/,up,8.0
k3c1fgl,https://www.reddit.com/r/TheLastAirbender/comments/16z0xzh/did_xin_fu_and_yu_die/k3c1fgl/,up,1.0
k1yq0hc,https://www.reddit.com/r/veYakinEvren/comments/16qqzrf/nasıl_bedavaya_sekiro_aldım_2023steam/k1yq0hc/,up,6.0
jvmt1uq,https://www.reddit.com/r/Ubuntu/comments/15nf4vy/is_the_ui_in_ubuntu_simple/jvmt1uq/,up,1.0
jr1rtc8,https://www.reddit.com/r/TheLastAirbender/comments/14tddtj/was_this_avatar_lavabending_or_was_he_just/jr1rtc8/,up,657.0
jshmko6,https://www.reddit.com/r/TheLastAirbender/comments/1536it7/make_this_comment_section_zukos_google_search/jshmko6/,up,2.0
jr1t19j,https://www.reddit.com/r/yugioh/comments/14tcbuy/watching_5ds_for_the_first_time/jr1t19j/,up,2.0
jr1thyi,https://www.reddit.com/r/seinfeld/comments/14taql3/seinfeld_quotes_the_official_ranking/jr1thyi/,up,-2.0
jx5zarr,https://www.reddit.com/r/veYakinEvren/comments/15x51r8/guilty_pleasure_oyunlar/jx5zarr/,up,1.0
k0e5uek,https://www.reddit.com/r/GreekMythology/comments/16hhwzu/why_do_the_gods_have_so_many_different_names/k0e5uek/,up,10.0
jxxab3h,https://www.reddit.com/r/camphalfblood/comments/162h83d/pjo_is_percy_the_only_one_to_see_riptide_in_yancy/jxxab3h/,up,15.0
jshmn5a,https://www.reddit.com/r/TheLastAirbender/comments/1536it7/make_this_comment_section_zukos_google_search/jshmn5a/,up,3.0
jw8pa9d,https://www.reddit.com/r/tumblr/comments/15r8tu9/infallible/jw8pa9d/,up,1.0
jr1tub6,https://www.reddit.com/r/seinfeld/comments/14taql3/seinfeld_quotes_the_official_ranking/jr1tub6/,up,4.0
jxxbsqc,https://www.reddit.com/r/camphalfblood/comments/162h83d/pjo_is_percy_the_only_one_to_see_riptide_in_yancy/jxxbsqc/,up,3.0
jwe5fz2,https://www.reddit.com/r/TheLastAirbender/comments/15sf4fq/why_am_i_watching_this_at_night/jwe5fz2/,up,53.0
jvey8c7,https://www.reddit.com/r/veYakinEvren/comments/15lwchd/pc_için_gamepad_önerisi/jvey8c7/,up,3.0
jr1f7fb,https://www.reddit.com/r/seinfeld/comments/14taql3/seinfeld_quotes_the_official_ranking/jr1f7fb/,up,82.0
jxx9xkr,https://www.reddit.com/r/camphalfblood/comments/162h83d/pjo_is_percy_the_only_one_to_see_riptide_in_yancy/jxx9xkr/,up,30.0
k0ekhtq,https://www.reddit.com/r/veYakinEvren/comments/16hn05k/özür_dilerim_78_yaşındaki_kardeşlerim_sizlere/k0ekhtq/,up,2.0
k3s9j5s,https://www.reddit.com/r/seinfeld/comments/171po8m/i_love_jerrys_who_is_this/k3s9j5s/,up,172.0
jxb38ld,https://www.reddit.com/r/veYakinEvren/comments/15y943i/kuşlara_abi_çekiyorum/jxb38ld/,up,11.0
jxz2uki,https://www.reddit.com/r/PercyJacksonMemes/comments/162qjc1/can_riptide_become_pregnant_too/jxz2uki/,up,117.0
k0e5kjr,https://www.reddit.com/r/PercyJacksonMemes/comments/16hkk7t/which_movie_was_worst_in_your_opinion/k0e5kjr/,up,35.0
jrygg20,https://www.reddit.com/r/TheLastAirbender/comments/14zl8pl/wood_bending_talismans_full_set_oc/jrygg20/,up,8.0
jxy97m1,https://www.reddit.com/r/yugioh/comments/162p8ub/following_the_yugi_vs_jaden_duel_who_do_you/jxy97m1/,up,238.0
k2u54cv,https://www.reddit.com/r/veYakinEvren/comments/16w07mp/arkadaş_olalım_mı/k2u54cv/,up,1.0
jxdkqmq,https://www.reddit.com/r/startrekmemes/comments/15yuj4u/geordi_meme_new_clean_hd_template/jxdkqmq/,up,6.0
k3bzbo4,https://www.reddit.com/r/TheLastAirbender/comments/16z0xzh/did_xin_fu_and_yu_die/k3bzbo4/,up,7.0
jw51avr,https://www.reddit.com/r/startrekmemes/comments/15quuo7/were_a_strange_bunch_i_love_it/jw51avr/,up,102.0
k0em66x,https://www.reddit.com/r/montypython/comments/16hnd3s/king_of_the_britons/k0em66x/,up,1.0
k3mxasa,https://www.reddit.com/r/consolerepair/comments/170u925/anyone_else_repair_consoles_as_a_hobby/k3mxasa/,up,43.0
jshmlu7,https://www.reddit.com/r/TheLastAirbender/comments/1536it7/make_this_comment_section_zukos_google_search/jshmlu7/,up,2.0
k3bsgun,https://www.reddit.com/r/TheLastAirbender/comments/16z0xzh/did_xin_fu_and_yu_die/k3bsgun/,up,24.0
jz6zilg,https://www.reddit.com/r/veYakinEvren/comments/16a7f1k/sevdiğim_oyunlara_göre_ne_önerirsiniz/jz6zilg/,up,2.0
jww81d2,https://www.reddit.com/r/gaming/comments/15vnk5o/what_video_game_is_the_most_replayable/jww81d2/,up,129.0
jsfmcq2,https://www.reddit.com/r/SatisfactoryGame/comments/152p2p9/am_i_doing_this_right/jsfmcq2/,up,1.0
k3bsskt,https://www.reddit.com/r/TheLastAirbender/comments/16z0xzh/did_xin_fu_and_yu_die/k3bsskt/,up,4.0
jxz1l2k,https://www.reddit.com/r/yugioh/comments/162p8ub/following_the_yugi_vs_jaden_duel_who_do_you/jxz1l2k/,up,-1.0
jxxc4b6,https://www.reddit.com/r/camphalfblood/comments/162h83d/pjo_is_percy_the_only_one_to_see_riptide_in_yancy/jxxc4b6/,up,10.0
k3bvkds,https://www.reddit.com/r/TheLastAirbender/comments/16z0xzh/did_xin_fu_and_yu_die/k3bvkds/,up,68.0
k3n1z75,https://www.reddit.com/r/consolerepair/comments/170u925/anyone_else_repair_consoles_as_a_hobby/k3n1z75/,up,39.0
jxyvo76,https://www.reddit.com/r/CodeBullet/comments/162taei/name_for_female_codebullet/jxyvo76/,up,33.0
k0ekjpw,https://www.reddit.com/r/montypython/comments/16hnd3s/king_of_the_britons/k0ekjpw/,up,1.0
jr1haey,https://www.reddit.com/r/seinfeld/comments/14taql3/seinfeld_quotes_the_official_ranking/jr1haey/,none,37.0
k3bz771,https://www.reddit.com/r/TheLastAirbender/comments/16z0xzh/did_xin_fu_and_yu_die/k3bz771/,up,11.0
jxw05fj,https://www.reddit.com/r/startrekmemes/comments/1628354/most_punchable_face_in_trek_history/jxw05fj/,up,247.0
