post_id,user_selection,text,image_url,is_prediction,stake_amount
t3_10hhb4c,21142280,Lava,,False,
t3_10j65p8,21183461,No,,False,
t3_10j6p2e,21183871,S02E11 The Chinese Restaurant,,False,
t3_10ovrdo,21320271,Metal,,False,
t3_10uwyq2,21453065,No,,False,
t3_10xc2g0,21503618,Burn/ FTK,,False,
t3_10xcyw3,21504108,Sack lunch,,False,
t3_10xsxrp,21512211,Manssiere,,False,
t3_10xwlv3,21514046,5ds,,False,
t3_10yebrs,21524123,Kramer/Elaine,,False,
t3_10z6r3j,21538376,Aang turning into the ocean spirit,,False,
t3_110jdcv,21564061,Ozai,,False,
t3_111tv7e,21590708,No,,False,
t3_1128kvx,21596865,No I don't like card zones,,False,
t3_112puin,21606983,S04E11 The Contest,,False,
t3_112tefp,21608825,Korra and Asami,,False,
t3_1134fzz,21614968,Zoo,,False,
t3_113gkid,21622295,Yugioh 5Ds,,False,
t3_11470zy,21637628,"Uncensored  [you may be crazy, and i am crazier. give me all you got]",,False,
t3_116gz1z,21678272,Unsure,,False,
t3_116jup0,21680005,Make simple mistakes in designs that you then copy+paste all over your factory and have to waste time fixing,,False,
t3_116x1wg,21687476,Build the factory first,,False,
t3_116xr3b,21687806,No,,False,
t3_118fdey,21715269,The most creepy thing on this planet,,False,
t3_11arm20,21759701,Kagemaru,,False,
t3_11bkngo,21775940,Tenzin,,False,
t3_11blayr,21776270,Created,,False,
t3_11d63hr,21805891,S08E08 The Chicken Roaster,,False,
t3_11dlwuq,21814839,on the ocean,,False,
t3_11gubhv,21874662,Zuko,,False,
t3_11gutgz,21874951,Yes,,False,
t3_11k9spb,21931874,Annabeth,,False,
t3_11qtfyi,22052629,Synchro,,False,
t3_11rt1f3,22070802,Synchro Summon,,False,
t3_11u6rr7,22114651,no,,False,
t3_11uck31,22117623,"Aang, Toph, Katara wins",,False,
t3_11wwrmf,22161805,Yes,,False,
t3_11z0r80,22196095,1st -2nd,,False,
t3_11zjvez,22203941,I don't need them. Hypertubes ftw,,False,
t3_11zlr5l,22204760,Roman demigods,,False,
t3_127qu2b,22336200,No,,False,
t3_1289t66,22344786,Artemis,,False,
t3_12a7hsg,22374365,What is web assembly?,,False,
t3_12df2ck,22425794,Book 3 Aang,,False,
t3_12dpynz,22430328,Yes. Open and Clean. There might be nasty stuff inside!,,False,
t3_12kkdim,22539449,Yes,,False,
t3_12xalmz,22713771,Suki,,False,
t3_132fp22,22790733,No,,False,
t3_1347wzl,22820551,I think he was ok,,False,
t3_136nmbf,22859428,Other/see results,,False,
t3_13lj4kv,23089570,A Lazy Old Man,,False,
t3_13ljfqj,23089736,r/satisfactory,,False,
t3_13ljgb2,23089750,r/satisfactorygame,,False,
t3_13mszb8,23109676,Tears of the Kingdom,,False,
t3_13ofumz,23133334,Yes,,False,
t3_1461dr3,23421468,5ds,,False,
t3_148z6bj,23463880,"I think /r/django should go private (nobody can read, post, or comment)",,False,
t3_14aaz6z,23484984,Hypertubes / Hypertube Cannons,,False,
t3_14apqx7,23491440,Windows 10,,False,
t3_14avonb,23493749,Euler,,False,
t3_14bb8df,23500451,Azula,,False,
t3_14bbpo3,23500620,Electric Fences (some with lights / motion sensors),,False,
t3_14cejrq,23517026,"Faithful live action adaptation, adding even more wonderful elements to the story",,False,
t3_14h4h7u,23587077,Weyoun,,False,
t3_15mmdjg,24269672,PC Gamepass ile oynayacaƒüƒ±m,,False,
t3_15n1rnf,24276361,Strange New Worlds,,False,
t3_169lvaq,24631635,Annabeth Chase,,False,
t3_16g3jz7,24744050,Marvel's Spiderman 2,,False,
t3_16g4rp0,24744720,el en of x,,False,
t3_16hm6w6,24770972,In university + haven‚Äôt posted here,,False,
t3_16m6cwv,24854103,Athena,,False,
t3_16mdamd,24858000,Oiler,,False,
t3_16mrfy5,24864727,5Ds - Synchros were an amazing addition. This era best combines strong monsters with classic cards. Edison Format #1!,,False,
t3_16nw1wy,24886750,Zuko vs Azula (Sozin's Comet),,False,
t3_16q2tni,24927468,Azula,,False,
t3_16r7h4r,24949955,idrc,,False,
t3_16rp2ld,24957934,no,,False,
t3_16to86u,24994441,1080P,,False,
t3_16wbf50,25045072,No,,False,
t3_16wj0g4,25049427,Sisko,,False,
t3_16ytltz,25091984,Reginald Barclay,,False,
t3_1702lp6,25117576,No Asami (Korra and Asami are both dead of old age after spending their lives together),,False,
t3_170kpka,25128095,Venom,,False,
t3_171ggg5,25146346,Neither,,False,
t3_jannc2,3478263,Karisik olsun,,False,
t3_lql55u,6181652,Asƒ±l gavat 1000 TL‚Äôye oyun satan ps storedur,,False,
t3_n1nvei,7634385,Dungeon Two Men,,False,
t3_parttt,10011238,Dune,,False,
t3_pfn3vz,10196675,4000‚Ç∫ - 6000‚Ç∫,,False,
t3_pg0lwl,10209224,Ne diyecegimi diyip diyemeyecegimi,,False,
t3_pxm6i9,10820567,Riker,,False,
t3_s4eqks,13198739,Satisfactory?,,False,
t3_suob8n,13903477,The 12th Doctor (Peter Capaldi),,False,
t3_vganbt,16614511,TNG,,False,
t3_vns18z,16805483,Steam,,False,
t3_wa9vjv,17419156,False,,False,
t3_x4ok2f,18256010,Yes,,False,
t3_xlv0mo,18693347,5,,False,
t3_xs92uo,18848683,Kramer,,False,
t3_xsm3do,18858352,I can if I have room!,,False,
t3_xwy9y5,18963729,The Controlling Psychologist,,False,
t3_y4qbjp,19159840,darkness,,False,
t3_y64w6j,19196771,OTHERS: Comment below.,,False,
t3_y8ougm,19262598,Ezekiel Jones,,False,
t3_y9l0l6,19286113,Liked,,False,
t3_ye6q88,19406747,S03E06 The Parking Garage,,False,
t3_yodhvt,19653193,S06E14 Highlights of a Hundred,,False,
t3_yokbce,19657274,E-heros,,False,
t3_yqda2c,19698277,S07E11 The Rye,,False,
t3_z0qla2,19938677,You‚Äôre soooo good looking,,False,
t3_z454mi,20011678,Kramer,,False,
t3_z7lckf,20083071,No,,False,
t3_zhuawy,20299695,Blue,,False,
t3_zl0ssb,20363114,"All lores happen in the same world,different eras",,False,
t3_zlgich,20374266,Iroh wins,,False,
t3_zlho8h,20374926,1/2,,False,
t3_zlijk8,20375565,"Amon, Unalaq (Dark Avatar), Zaheer",,False,
t3_101ca83,20764984,Sonu√ß,,False,
t3_10kqgs7,21222478,Zutara,,False,
t3_10ovovz,21320185,Earthbender,,False,
t3_10ovqpj,21320251,Blood,,False,
t3_10ovsg4,21320298,Lightning,,False,
t3_10ovtew,21320320,Spirit Projection,,False,
t3_111mxg5,21586758,Yes,,False,
t3_112wnpe,21610466,Die Hard,,False,
t3_11772t9,21692094,Egyptian,,False,
t3_11da8f0,21807752,Trains,,False,
t3_11p30sm,22020524,Iroh,,False,
t3_11qtve7,22052802,Iroh,,False,
t3_13pf36r,23149379,The Contest,,False,
t3_14cnajy,23520757,"Restricted, and allow prominent members of the community to post",,False,
t3_14h8mkq,23589095,Bald üë©üèª‚Äçü¶≤,,False,
t3_16idwyj,24785001,-2 is even.,,False,
t3_hmel40,1746081,ƒ∞Vƒ∞RCƒ∞K ƒ∞Vƒ∞RCƒ∞K,,False,
t3_hst5z2,1934040,It is racist. I would allow it.,,False,
t3_hstkua,1934337,d&d,,False,
t3_hvs4hz,2022665,DAMN THAT SHƒ∞T GOOD,,False,
t3_hz8axh,2123499,Wizard: Loremaster,,False,
t3_iqx7zh,2917412,G√∂zl√ºkl√º CS,,False,
t3_m5rkyo,6635868,Evet,,False,
t3_r5snea,12176486,Rimworld,,False,
t3_uf537a,15533589,Never before,,False,
t3_xenkv6,18514766,George,,False,
t3_xlrsw4,18691612,√ó,,False,
t3_xzu6pu,19038983,The Opposite - 9.5,,False,
t3_y2pf54,19111057,Close Talker,,False,
t3_ydtdk4,19396463,19-25,,False,
t3_yx01ay,19849543,Seyretmiyorum.,,False,
t3_z43ojk,20010997,Geogebra,,False,
t3_z6zszi,20070343,Xbox al ge√ß,,False,
t3_zhop5e,20296720,Spotify,,False,
t3_zlf1qn,20373435,S03E06 The Parking Garage,,False,
t3_zlispn,20375745,"Ozai, Azula, Zuko (Season 1)",,False,
t3_zm3biu,20388670,"Ozai, Azula, Zuko (Season 1), Admiral Zhao",,False,
t3_zmb4gj,20394259,Iroh,,False,
t3_zw9g28,20642048,The swirl,,False,
