id,permalink,date,ip,subreddit,gildings,url
v7jv2a,https://www.reddit.com/r/consolerepair/comments/v7jv2a/ds_lite_speakers_not_working/,2022-06-08 07:38:39 UTC,159.20.68.230,consolerepair,0,/r/consolerepair/comments/v7jv2a/ds_lite_speakers_not_working/
m3jkjt,https://www.reddit.com/r/NintendoDSi/comments/m3jkjt/ds_lite_green_light_turns_on_then_off/,2021-03-12 15:13:23 UTC,,NintendoDSi,0,/r/NintendoDSi/comments/m3jkjt/ds_lite_green_light_turns_on_then_off/
10x881w,https://www.reddit.com/r/startrek/comments/10x881w/confused_about_picards_log_in_encounter_at/,2023-02-08 19:26:30 UTC,159.20.68.5,startrek,0,/r/startrek/comments/10x881w/confused_about_picards_log_in_encounter_at/
126w0at,https://www.reddit.com/r/webdev/comments/126w0at/deleted_by_user/,2023-03-30 18:58:38 UTC,,webdev,0,
r84lhi,https://www.reddit.com/r/flashcarts/comments/r84lhi/old_dstt_stuck_on_loading/,2021-12-03 17:40:55 UTC,159.20.68.230,flashcarts,0,/r/flashcarts/comments/r84lhi/old_dstt_stuck_on_loading/
126w1tz,https://www.reddit.com/r/webdev/comments/126w1tz/deleted_by_user/,2023-03-30 19:00:18 UTC,,webdev,0,
15rhuzw,https://www.reddit.com/r/montypython/comments/15rhuzw/spotted_in_rtumblr/,2023-08-15 04:15:10 UTC,85.153.239.6,montypython,0,https://www.reddit.com/gallery/15rhuzw
16z0xzh,https://www.reddit.com/r/TheLastAirbender/comments/16z0xzh/did_xin_fu_and_yu_die/,2023-10-03 19:25:15 UTC,159.20.68.5,TheLastAirbender,0,/r/TheLastAirbender/comments/16z0xzh/did_xin_fu_and_yu_die/
10vxs5t,https://www.reddit.com/r/startrek/comments/10vxs5t/best_riker_and_data_moment/,2023-02-07 09:33:50 UTC,159.20.68.5,startrek,0,/r/startrek/comments/10vxs5t/best_riker_and_data_moment/
zx3wgi,https://www.reddit.com/r/consolerepair/comments/zx3wgi/changing_ds_lite_em10_filter/,2022-12-28 07:54:33 UTC,159.20.68.230,consolerepair,0,/r/consolerepair/comments/zx3wgi/changing_ds_lite_em10_filter/
rn2653,https://www.reddit.com/r/ElectroBOOM/comments/rn2653/help_with_this_not_gate/,2021-12-23 18:37:20 UTC,159.20.68.230,ElectroBOOM,0,/r/ElectroBOOM/comments/rn2653/help_with_this_not_gate/
l2jlw8,https://www.reddit.com/r/veYakinEvren/comments/l2jlw8/fate_condensed/,2021-01-22 08:40:40 UTC,,veYakinEvren,0,/r/veYakinEvren/comments/l2jlw8/fate_condensed/
10y4z8s,https://www.reddit.com/r/startrekmemes/comments/10y4z8s/guiles_theme_goes_with_worf_saying_guile/,2023-02-09 20:17:33 UTC,159.20.68.5,startrekmemes,0,https://youtube.com/watch?v=OK9xdL9wefk&feature=share
15s40td,https://www.reddit.com/r/startrekmemes/comments/15s40td/not_even_that/,2023-08-15 20:26:54 UTC,85.153.235.158,startrekmemes,0,https://i.redd.it/19stem33q9ib1.jpg
z71esi,https://www.reddit.com/r/GenP/comments/z71esi/cannot_skip_the_credit_card_page/,2022-11-28 16:47:25 UTC,159.20.68.230,GenP,0,/r/GenP/comments/z71esi/cannot_skip_the_credit_card_page/
r6iyed,https://www.reddit.com/r/flashcarts/comments/r6iyed/how_to_use_old_dstt/,2021-12-01 16:39:12 UTC,159.20.68.230,flashcarts,0,/r/flashcarts/comments/r6iyed/how_to_use_old_dstt/
v5baeg,https://www.reddit.com/r/flashcarts/comments/v5baeg/what_do_i_need_to_do_use_this_card/,2022-06-05 11:19:07 UTC,159.20.68.230,flashcarts,0,/r/flashcarts/comments/v5baeg/what_do_i_need_to_do_use_this_card/
m3fvca,https://www.reddit.com/r/consolerepair/comments/m3fvca/ds_lite_green_light_turns_on_then_off/,2021-03-12 11:43:51 UTC,,consolerepair,0,/r/consolerepair/comments/m3fvca/ds_lite_green_light_turns_on_then_off/
m4n6zw,https://www.reddit.com/r/veYakinEvren/comments/m4n6zw/ucuza_nintendo_ds_lite_ekran覺_ar覺yorum/,2021-03-14 03:48:35 UTC,,veYakinEvren,0,/r/veYakinEvren/comments/m4n6zw/ucuza_nintendo_ds_lite_ekran覺_ar覺yorum/
15rhwx9,https://www.reddit.com/r/unexpectedpython/comments/15rhwx9/spotted_in_rtumblr/,2023-08-15 04:17:46 UTC,85.153.239.6,unexpectedpython,0,https://www.reddit.com/gallery/15rhuzw
11zivov,https://www.reddit.com/r/programmingmemes/comments/11zivov/spotify_uis_killin/,2023-03-23 12:30:16 UTC,,programmingmemes,0,/r/programmingmemes/comments/11zivov/spotify_uis_killin/
jrkstt,https://www.reddit.com/r/pcbuilding/comments/jrkstt/wanna_see_you_2020_jlcpcb_eexhibition/,2020-11-10 13:19:51 UTC,,pcbuilding,0,https://m.jlcpcb.com/E-exhibition?ref=re1
mpvo09,https://www.reddit.com/r/DMAcademy/comments/mpvo09/how_to_run_combat_101/,2021-04-13 05:11:16 UTC,,DMAcademy,0,/r/DMAcademy/comments/mpvo09/how_to_run_combat_101/
162h83d,https://www.reddit.com/r/camphalfblood/comments/162h83d/pjo_is_percy_the_only_one_to_see_riptide_in_yancy/,2023-08-27 05:03:09 UTC,176.33.117.44,camphalfblood,0,/r/camphalfblood/comments/162h83d/pjo_is_percy_the_only_one_to_see_riptide_in_yancy/
ta5da3,https://www.reddit.com/r/algorithms/comments/ta5da3/a_better_way_to_solve_santas_dirty_socks_problem/,2022-03-09 11:00:09 UTC,,algorithms,0,/r/algorithms/comments/ta5da3/a_better_way_to_solve_santas_dirty_socks_problem/
