id,permalink
hqs1xc,https://www.reddit.com/r/dndmemes/comments/hqs1xc/never_challenge_the_dm/
3sghdw,https://www.reddit.com/r/DaystromInstitute/comments/3sghdw/how_would_age_of_consent_laws_work_in_the/
15s31ql,https://www.reddit.com/r/veYakinEvren/comments/15s31ql/kendi_döküm_zarlarımı_yapmak_istiyorum_bu/
13dkn80,https://www.reddit.com/r/mathmemes/comments/13dkn80/optimal_tiptotip_efficiency/
16xdmhg,https://www.reddit.com/r/SatisfactoryGame/comments/16xdmhg/im_so_sorry_for_the_image_are_there_any_tools_to/
14bopzp,https://www.reddit.com/r/veYakinEvren/comments/14bopzp/yapay_zeka_ile_can_sungura_şarkı_söylettim/
2pbv6e,https://www.reddit.com/r/FATErpg/comments/2pbv6e/star_trek_fate/
4za4ew,https://www.reddit.com/r/rutgers/comments/4za4ew/how_to_find_pdf_of_textbooks/
14cnalc,https://www.reddit.com/r/yugioh/comments/14cnalc/improvements_for_my_cydra_deck/
yzjkuo,https://www.reddit.com/r/ScarySigns/comments/yzjkuo/why_does_the_toilet_have_a_sharp_device/
jnqsf9,https://www.reddit.com/r/DnD/comments/jnqsf9/oc_making_combat_interesting_dungeon_master_tip/
16h82au,https://www.reddit.com/r/camphalfblood/comments/16h82au/nine_reasons_why_percy_shouldve_kept_the_curse_of/
lz3yso,https://www.reddit.com/r/veYakinEvren/comments/lz3yso/geforce_nowın_alliance_ortaklık_ile_hizmet/
13awyi1,https://www.reddit.com/r/veYakinEvren/comments/13awyi1/deleted_by_user/
13y4j58,https://www.reddit.com/r/learnprogramming/comments/13y4j58/deleted_by_user/
10x8zxp,https://www.reddit.com/r/TheLastAirbender/comments/10x8zxp/i_just_finished_up_this_custom_zuko_piece_to_go/
uaoeri,https://www.reddit.com/r/Python/comments/uaoeri/how_to_download_youtube_videos_with_python/
4srplh,https://www.reddit.com/r/DnD/comments/4srplh/curse_of_strahd_handouts_in_plain_text/
