subreddit,Tags
AskScienceFiction,information
CodeBullet,other
DMAcademy,"game, hobby, information"
DaystromInstitute,"fandom, information, movie/show"
Deepspaceninememes,"fandom, meme, movie/show"
ElectroBOOM,"information, other"
ExposurePorn,"hobby, other"
FATErpg,"game, hobby, information"
GeekyaparLamers,other
GreekMythology,information
GuessTheMovie,other
KaderOyunu,"game, hobby, information"
MontyPythonMemes,"fandom, meme, movie/show"
MovieQuotes,"movie/show, other"
MrData,"fandom, meme, movie/show"
Percabeth,fandom
PercyJacksonMemes,"fandom, meme"
ProgrammerHumor,"meme, programming"
Python,"information, programming"
PythonJobs,programming
SatisfactoryGame,"game, meme"
ScarySigns,meme
SenNeDiyon,other
TheLastAirbender,"fandom, movie/show"
TheLibrarians,"fandom, movie/show"
TheNewestOlympian,other
Ubuntu,information
UnexpectedSeinfeld,"fandom, meme, movie/show"
boardgames,"game, hobby"
camphalfblood,"fandom, meme"
consolerepair,"hobby, information"
datasets,programming
django,"information, programming"
djangolearning,"information, programming"
gaming,game
geek,other
learnprogramming,"information, programming"
mathmemes,meme
montypython,"fandom, movie/show"
movies,"movie/show, other"
projecteuler,programming
pythontips,"information, programming"
risa,"fandom, meme, movie/show"
satisfactory,"game, meme"
seinfeld,"fandom, meme, movie/show"
seinfeldgifs,"fandom, movie/show"
startrek,"fandom, movie/show"
startrekmemes,"fandom, meme, movie/show"
thenextgeneration,"fandom, movie/show"
u_JayPea__,user
u_adobecrack,user
u_azakreis,user
ubuntucinnamon,information
unexpectedMontyPython,"fandom, meme, movie/show"
unexpectedpython,"fandom, meme, movie/show"
veYakinEvren,"game, other"
yugioh,"game, hobby"
